,precision,recall,f1-score,support
0,0.8805297651556526,0.855872594558726,0.8680261121206003,7535.0
1,0.736215691037163,0.7759856630824373,0.7555777140720429,3906.0
accuracy,0.8285988986976663,0.8285988986976663,0.8285988986976663,0.8285988986976663
macro avg,0.8083727280964078,0.8159291288205817,0.8118019130963217,11441.0
weighted avg,0.8312604029052532,0.8285988986976663,0.829635810330751,11441.0
